{"1zDj3th7GfY+r/l5PH3QKg==":"00000-800x600.png","8VCljDSF59Vt8I4xCarq0Q==":"%D1%81%D0%B0%D0%B9%D1%82%20(1)-2000x1500.png","+IfHnJa5wV34Lmkr00/R3g==":"%D0%B7%D0%B0%D0%B3%D1%80%D1%83%D0%B6%D0%B5%D0%BD%D0%BE%20(2)7-648x404.png","yLElfJRCcWtgMFa9lXKMAA==":"000-800x600.png","MLLU+QRHHn1s2LPey0uOQg==":"%D0%B7%D0%B0%D0%B3%D1%80%D1%83%D0%B6%D0%B5%D0%BD%D0%BE%20(31)-1440x790.png","WhdbHioBSbkeAVDogY02og==":"%D0%B7%D0%B0%D0%B3%D1%80%D1%83%D0%B6%D0%B5%D0%BD%D0%BE%20(13)-1440x790.png","JD57urUFCV1EE+jlqqOhnw==":"%D0%B7%D0%B0%D0%B3%D1%80%D1%83%D0%B6%D0%B5%D0%BD%D0%BE%20(51)-1439x899.png","gK9dN+4tOT9t9ic8I2HixA==":"bird-96x96.png","u652jig9s8YuDqhvqmgiyw==":"%D1%81%D0%B0%D0%B9%D1%82%20(1)-2000x1500.png","bY5kxHpbZgCo1D9B5cgQqw==":"%D1%81%D0%B0%D0%B9%D1%82%20(1)-2000x1500.png"}